Manufacturer Part Number,Manufacturer,Quantity,Description
LT3461AES6#TRMPBF,Analog Devices,6,U1 alta tensione SOT-23-6
MAX961ESA+,Analog Devices,16,U103 U203 U303 comparatore SO-8
LT1636CS8#PBF,Analog Devices,16,U108 U208 U308 op-amp SO-8 (NON la versione MSOP CMS8)
LP2985AIM5-3.6/NOPB,Texas Instruments,12,U5 U7 LDO 3.6V SOT-23-5
1N4148-TAP,Vishay,20,D101 D201 D301 diodo DO-35
61304011121,Wurth Elektronik,6,strip maschio 1x40 passo 2.54: header (anche J6) e test point
M7566-05,Harwin,20,ponticello 2.54 per JP1-JP3
AFBR-S4N22P014M,Broadcom,15,SiPM
22-27-2021,Molex,17,header KK 254 2 poli per J101 J201 J301 (15 + 2)
22-01-3027,Molex,18,connettore KK 254 2 poli lato cavo barra (15 + 3)
08-50-0114,Molex,40,contatti a crimpare KK 254 (30 + scorta)
