Rif.,Qta,Valore/Parte,Package,Codice ordine,Note
C1,1,22pF,0805,,
C2,1,1uF 100V,1210,,"dielettrico X7R, 100V (nodo VOUT40 ~41 V)"
C3 C106 C206 C306,4,100n 100V,1206,,"X7R 100V (nodi 40V/38,4V)"
C22,1,1uF,0805,,
C40 C104 C150 C204 C250 C304 C350 CF4 CF7 CF8 CF9 CF11 CF12 CF101 CF102 CF105 CF106 CF110 CF201 CF202 CF205 CF206 CF210 CF301 CF302 CF305 CF306 CF310,28,100n,0805,,X7R 50V (CF = disaccoppiamento)
C107 C207 C307,3,10nF,0805,,
C109 C209 C309,3,100pF,0805,,
C111 C211 C311,3,10n,0805,,
C121 C221 C321,3,100nF,0805,,
D101 D201 D301,3,1N4148,DO-35,,assiale DO-35 (o 1N4148W SOD-123 adattando il footprint)
D103 D203 D303,3,LED rosso,0805,,LED rosso 0805 (pin 1 = catodo)
J3,1,PWR_5V,Header 2.54 1x2,,"pin 1 = GND, pin 2 = +5V"
J5 J104 J204 J304,4,LEMO EPL.00.250.NTN,LEMO 00 (EPL.00.250.NTN),,presa a gomito da circuito stampato (gia' disponibili)
J6,1,I2C_RPI,"header 1x3 2,54",,
J101,1,SiPM_CH1,Header 2.54 1x2,,
J201,1,SiPM_CH2,Header 2.54 1x2,,
J301,1,SiPM_CH3,Header 2.54 1x2,,
JP1,1,INCL_CH1,Header 2.54 1x2,,
JP2,1,INCL_CH2,Header 2.54 1x2,,
JP3,1,INCL_CH3,Header 2.54 1x2,,
L1,1,47uH,SMD 5x5/6x6,RS 693-4344,verificare l'ingombro della parte RS effettiva contro il footprint 5x5
Q101 Q201 Q301,3,BFR93A,SOT-23,RS 892-2365,
Q102 Q202 Q302,3,MMBTH81,SOT-23,RS 104-1196,
R1 R31 R32 R33 R110 R210 R310,7,10k,0805,,
R2,1,68k,0805,,
R3,1,270k,0805,,
R22,1,220k,0805,,
R30 R123 R223 R323,4,33R,0805,,terminazione serie del cavo verso Raspberry Pi
R40 R150 R250 R350,4,1M,0805,,partitore monitor (alto)
R41 R151 R251 R351,4,43k,0805,,partitore monitor (basso)
R42 R43,2,100R,0805,,
R104 R204 R304,3,1k2,0805,,
R105 R205 R305,3,15k,0805,,
R106 R120 R206 R220 R306 R320,6,100k,0805,,
R107 R207 R307,3,27k,0805,,
R108 R112 R114 R115 R116 R208 R212 R214 R215 R216 R308 R312 R314 R315 R316,15,1k,0805,,
R109 R209 R309,3,1k8,0805,,
R111 R211 R311,3,5k6,0805,,
R113 R213 R313,3,560R,0805,,
R117 R217 R317,3,470R,0805,,
R118 R218 R318,3,10R,0805,,
R119 R219 R319,3,18k,0805,,
R121 R221 R321,3,82R,0805,,
TP1 TP2 TP3 TP4 TP5 TP6 TP101 TP102 TP103 TP104 TP105 TP106 TP201 TP202 TP203 TP204 TP205 TP206 TP301 TP302 TP303 TP304 TP305 TP306,24,test point,test point THT,,"pin di strip header 2,54 (o anello Keystone 5000 rosso / 5001 nero)"
U1,1,LT3461,SOT-23-6 (ThinSOT),Farnell 4024725,
U5 U7,2,LP2985AIM5-3.6,SOT-23-5,RS 812-2417,
U6,1,MCP1825S-3302,SOT-223,RS 669-5092,
U10,1,74LVC1G11,SOT-23-6 (ThinSOT),,"SN74LVC1G11DBVR, AND a 3 ingressi (coincidenza)"
U11,1,MCP3424,SOIC-14,,"MCP3424-E/SL, ADC I2C del monitor tensioni (LCSC C640884)"
U102 U202 U302,3,TLC555/LMC555,SO-8,RS 196-2112 (LMC555CM),
U103 U203 U303,3,MAX961,SO-8,RS 189-9176,
U108 U208 U308,3,LT1636,SO-8,Farnell 4020771,
U109 U209 U309,3,74LVC1G17,SOT-23-5,,"SN74LVC1G17DBVR (TI) o equivalente; buffer 3,3 V verso Raspberry Pi"
V101 V102 V201 V202 V301 V302,6,10k,Trimmer 3296W,,Bourns 3296W-1-103LF o equivalente
(fuori scheda),3,SiPM AFBR-S4N22P014M,-,Farnell 4351470,"uno per canale, su PCB separato incollato allo scintillatore"
