Comment,Designator,Footprint,JLCPCB Part #
CL21C220JBANNNC,C1,0805,C1804
1210B105K101NT,C2,1210,C24365
CC1206KKX7R0BB104,"C3,C106,C206,C306",1206,C107181
CL21B105KBFNNNE,C22,0805,C28323
CC0805KRX7R9BB104,"C40,C41,C104,C121,C150,C152,C204,C221,C250,C252,C304,C321,C350,C352,CF8,CF11,CF12,CF13,CF101,CF102,CF105,CF106,CF110,CF201,CF202,CF205,CF206,CF210,CF301,CF302,CF305,CF306,CF310",0805,C49678
CL21B103KBANNNC,"C107,C111,C207,C211,C307,C311",0805,C1710
CL21C101JBANNNC,"C109,C209,C309",0805,C1790
CL21B225KAFNNNE,"CF4,CF7,CF9",0805,
NCD0805R1,"D103,D203,D303",0805,C84256
SRN5040-470M,L1,SMD 5x5mm,C1330294
BFR93AE6327HTSA1,"Q101,Q201,Q301",SOT-23,C513260
MMBTH81,"Q102,Q202,Q302",SOT-23,C190349
0805W8F1002T5E,"R1,R31,R32,R33,R110,R152,R210,R252,R310,R352",0805,C17414
0805W8F6802T5E,R2,0805,
0805W8F2553T5E,R3,0805,
0805W8F2203T5E,R22,0805,
0805W8F330JT5E,"R30,R123,R223,R323",0805,
0805W8F1004T5E,"R40,R150,R250,R350",0805,
0805W8F4302T5E,"R41,R151,R251,R351",0805,
0805W8F1000T5E,"R42,R43",0805,
0805W8F2202T5E,R44,0805,
0805W8F1201T5E,"R104,R204,R304",0805,
0805W8F1502T5E,"R105,R205,R305",0805,
0805W8F1003T5E,"R106,R120,R206,R220,R306,R320",0805,
0805W8F2702T5E,"R107,R207,R307",0805,
0805W8F1001T5E,"R108,R112,R114,R115,R116,R208,R212,R214,R215,R216,R308,R312,R314,R315,R316",0805,
0805W8F1801T5E,"R109,R209,R309",0805,
0805W8F5601T5E,"R111,R211,R311",0805,
0805W8F5600T5E,"R113,R213,R313",0805,
0805W8F4700T5E,"R117,R217,R317",0805,
0805W8F100JT5E,"R118,R218,R318",0805,
0805W8F1802T5E,"R119,R219,R319",0805,
0805W8F820JT5E,"R121,R221,R321",0805,
NCP21XV103J03RA,RT1,0805,
MCP1825S-3302E/DB,U6,SOT-223,C148031
SN74LVC1G11DBVR,U10,SOT-23-6,C22046
MCP3424-E/SL,"U11,U12",SOIC-14,C640884
TLC555CDR,"U102,U202,U302",SOIC-8,C6986
SN74LVC1G17DBVR,"U109,U209,U309",SOT-23-5,C7836
3296W-1-103LF,"V101,V102,V201,V202,V301,V302",3296W,C34846
