Comment,Designator,Footprint,LCSC Part #,MPN (riferimento)
22pF 50V 0805,C1,0805,,
1uF 100V X7R,C2,1210,,TDK C3225X7R2A105K200AA
100nF 100V X7R,"C3,C6",1206,C107181,Yageo CC1206KKX7R0BB104
100nF 50V X7R,"C4,C21,CF1,CF2,CF3,CF4,CF5,CF6,CF7,CF8,CF9,CF10",0805,C49678,Yageo CC0805KRX7R9BB104
10nF 50V 0805,"C7,C11",0805,,
100pF 50V 0805,C9,0805,,
1uF 50V 0805,C22,0805,,
1N4148,D1,DO-35 (THT),C14538,1N4148 DO-35
LED rosso,D3,LED 0805,C84256,NationStar NCD0805R1
Header 1x2 2.54mm,"J1,J2,J3,J4",Header 2.54mm 1x2 (THT),,pin header maschio 1x2 2.54
47uH 0.9A,L1,SMD 5x5mm,C1330294,Bourns SRN5040-470M
BFR93A,Q1,SOT-23,,"NXP BFR93A,215 / Infineon BFR93AE6327"
MMBTH81,Q2,SOT-23,C190349,onsemi MMBTH81
10k 1% 0805,"R1,R10",0805,,
68k 1% 0805,R2,0805,,
270k 1% 0805,R3,0805,,
1.2k 1% 0805,R4,0805,,
15k 1% 0805,R5,0805,,
100k 1% 0805,"R6,R20",0805,,
27k 1% 0805,R7,0805,,
1k 1% 0805,"R8,R12,R14,R15,R16",0805,,
1.8k 1% 0805,R9,0805,,
5.6k 1% 0805,R11,0805,,
560 1% 0805,R13,0805,,
470 1% 0805,R17,0805,,
10 1% 0805,R18,0805,,
18k 1% 0805,R19,0805,,
82 1% 0805,R21,0805,,
220k 1% 0805,R22,0805,,
33 1% 0805,R23,0805,,
TLC555CDR,U2,SOIC-8,,TI TLC555CDR (o LMC555CM/NOPB)
MCP1402T-E/OT,U4,SOT-23-5,C128573,Microchip MCP1402T-E/OT
LP2985AIM5-3.6/NOPB,"U5,U7",SOT-23-5,,TI LP2985AIM5-3.6/NOPB
MCP1825S-3302E/DB,U6,SOT-223,C148031,Microchip MCP1825S-3302E/DB
SN74LVC1G17DBVR,U9,SOT-23-5,C7836,TI SN74LVC1G17DBVR
10k trimmer 3296W,"V1,V2",3296W (THT),C34846,Bourns 3296W-1-103LF
