Designator,Mid X,Mid Y,Layer,Rotation
C1,14.000mm,21.000mm,Top,0
C2,20.000mm,30.500mm,Top,90
C3,24.000mm,30.500mm,Top,90
C4,24.500mm,7.000mm,Top,0
C6,14.500mm,38.000mm,Top,0
C7,13.500mm,46.000mm,Top,0
C9,51.500mm,38.500mm,Top,0
C11,40.500mm,46.000mm,Top,0
C21,58.000mm,31.000mm,Top,90
C22,4.000mm,34.000mm,Top,90
CF1,24.500mm,53.500mm,Top,0
CF2,51.500mm,51.000mm,Top,0
CF3,63.000mm,53.000mm,Top,0
CF4,60.600mm,27.200mm,Top,90
CF5,69.000mm,40.000mm,Top,0
CF6,58.500mm,35.000mm,Top,90
CF7,41.500mm,17.500mm,Top,0
CF8,72.300mm,14.200mm,Top,0
CF9,60.000mm,13.500mm,Top,0
CF10,68.000mm,26.500mm,Top,0
D1,40.500mm,11.000mm,Top,0
D3,72.500mm,29.000mm,Top,90
J1,4.000mm,44.730mm,Top,270
J2,76.500mm,47.730mm,Top,270
J3,76.500mm,8.730mm,Top,270
J4,77.000mm,19.730mm,Top,270
L1,7.000mm,27.500mm,Top,90
Q1,22.000mm,44.117mm,Top,0
Q2,32.500mm,45.383mm,Top,180
R1,4.000mm,11.000mm,Top,0
R2,4.000mm,14.000mm,Top,0
R3,14.000mm,24.000mm,Top,0
R4,21.000mm,18.500mm,Top,90
R5,27.000mm,20.000mm,Top,0
R6,21.500mm,10.500mm,Top,90
R7,26.000mm,3.500mm,Top,0
R8,8.000mm,38.000mm,Top,0
R9,17.000mm,41.500mm,Top,90
R10,10.000mm,41.500mm,Top,90
R11,22.000mm,50.500mm,Top,0
R12,28.000mm,50.500mm,Top,90
R13,32.500mm,50.500mm,Top,90
R14,36.500mm,41.500mm,Top,90
R15,44.000mm,41.500mm,Top,90
R16,46.500mm,38.500mm,Top,90
R17,46.000mm,34.000mm,Top,0
R18,36.000mm,29.000mm,Top,0
R19,49.000mm,28.500mm,Top,0
R20,58.000mm,39.500mm,Top,0
R21,72.500mm,35.000mm,Top,90
R22,4.000mm,17.000mm,Top,0
R23,72.500mm,22.500mm,Top,0
U2,64.000mm,35.000mm,Top,0
U4,63.260mm,47.690mm,Top,90
U5,55.190mm,23.740mm,Top,0
U6,66.000mm,7.925mm,Top,0
U7,47.190mm,13.740mm,Top,0
U9,68.190mm,22.240mm,Top,0
V1,33.000mm,5.500mm,Top,0
V2,43.000mm,24.000mm,Top,0
