Designator,Comment,JLCPCB Part #,MPN
C1,CL21C220JBANNNC,C1804,Samsung CL21C220JBANNNC 22pF 50V C0G
C2,1210B105K101NT,C24365,FH 1210B105K101NT 1uF 100V X7R
"C3,C6",CC1206KKX7R0BB104,C107181,Yageo CC1206KKX7R0BB104 100nF 100V X7R
"C4,C21,CF1,CF2,CF3,CF5,CF6,CF8,CF10",CC0805KRX7R9BB104,C49678,Yageo CC0805KRX7R9BB104 100nF 50V X7R
"C7,C11",CL21B103KBANNNC,C1710,Samsung CL21B103KBANNNC 10nF 50V X7R
C9,CL21C101JBANNNC,C1790,Samsung CL21C101JBANNNC 100pF 50V C0G
C22,CL21B105KBFNNNE,C28323,Samsung CL21B105KBFNNNE 1uF 50V X7R
"CF4,CF7,CF9",CL21B225KAFNNNE,,"Samsung CL21B225KAFNNNE 2,2uF 25V X7R"
D3,NCD0805R1,C84256,NationStar NCD0805R1 LED rosso
L1,SRN5040-470M,C1330294,Bourns SRN5040-470M 47uH 0.9A
Q1,BFR93AE6327HTSA1,C513260,Infineon BFR93AE6327HTSA1 (= BFR93A)
Q2,MMBTH81,C190349,onsemi MMBTH81
"R1,R10",0805W8F1002T5E,C17414,UNI-ROYAL 0805W8F1002T5E (10k 1%)
R2,0805W8F6802T5E,,UNI-ROYAL 0805W8F6802T5E (68k 1%)
R3,0805W8F2553T5E,,UNI-ROYAL 0805W8F2553T5E (255k 1%)
R4,0805W8F1201T5E,,UNI-ROYAL 0805W8F1201T5E (1k2 1%)
R5,0805W8F1502T5E,,UNI-ROYAL 0805W8F1502T5E (15k 1%)
"R6,R20",0805W8F1003T5E,,UNI-ROYAL 0805W8F1003T5E (100k 1%)
R7,0805W8F2702T5E,,UNI-ROYAL 0805W8F2702T5E (27k 1%)
"R8,R12,R14,R15,R16",0805W8F1001T5E,,UNI-ROYAL 0805W8F1001T5E (1k 1%)
R9,0805W8F1801T5E,,UNI-ROYAL 0805W8F1801T5E (1k8 1%)
R11,0805W8F5601T5E,,UNI-ROYAL 0805W8F5601T5E (5k6 1%)
R13,0805W8F5600T5E,,UNI-ROYAL 0805W8F5600T5E (560R 1%)
R17,0805W8F4700T5E,,UNI-ROYAL 0805W8F4700T5E (470R 1%)
R18,0805W8F100JT5E,,UNI-ROYAL 0805W8F100JT5E (10R 1%)
R19,0805W8F1802T5E,,UNI-ROYAL 0805W8F1802T5E (18k 1%)
R21,0805W8F820JT5E,,UNI-ROYAL 0805W8F820JT5E (82R 1%)
R22,0805W8F2203T5E,,UNI-ROYAL 0805W8F2203T5E (220k 1%)
R23,0805W8F330JT5E,,UNI-ROYAL 0805W8F330JT5E (33R 1%)
U2,TLC555CDR,C6986,TI TLC555CDR
U4,MCP1402T-E/OT,C128573,Microchip MCP1402T-E/OT
U6,MCP1825S-3302E/DB,C148031,Microchip MCP1825S-3302E/DB
U9,SN74LVC1G17DBVR,C7836,TI SN74LVC1G17DBVR
"V1,V2",3296W-1-103LF,C34846,Bourns 3296W-1-103LF
